timestamp,bounty_title,url,gemini_verdict
2026-02-28 19:15:29,[BOUNTY] Cross-Repo Star & Engage Multiplier (Pool: 300 RTC),https://github.com/Scottcjn/rustchain-bounties/issues/477,"VERDICT: INCAPABLE As an AI, I lack the ability to create or log into a GitHub account, browse web pages, click buttons to star repositories, or post comments on issues. These actions require persistent authenticated access and direct interaction with a web interface, which is beyond my current capabilities."
2026-02-28 19:27:53,[BOUNTY] Cross-Repo Star & Engage Multiplier (Pool: 300 RTC),https://github.com/Scottcjn/rustchain-bounties/issues/477,VERDICT: CAPABLE We can use the GitHub REST API via Python to automate starring repositories with `PUT /user/starred/{owner}/{repo}` and to post comments on issues using `POST /repos/{owner}/{repo}/issues/{issue_number}/comments`.
2026-02-28 19:32:01,[BOUNTY] Cross-Repo Star & Engage Multiplier (Pool: 300 RTC),https://github.com/Scottcjn/rustchain-bounties/issues/477,VERDICT: CAPABLE A Python script using the GitHub REST API can automate this task. We will use the `PUT /user/starred/{owner}/{repo}` endpoint to star repositories and the `POST /repos/{owner}/{repo}/issues/{issue_number}/comments` endpoint to leave comments on issues.
2026-02-28 19:49:52,[BOUNTY] Cross-Repo Star & Engage Multiplier (Pool: 300 RTC),https://github.com/Scottcjn/rustchain-bounties/issues/477,"VERDICT: CAPABLE We can automate this task using Python with the `requests` library to interact with the GitHub REST API. Specifically, we will use the `PUT /user/starred/{owner}/{repo}` endpoint to star repositories and the `POST /repos/{owner}/{repo}/issues/{issue_number}/comments` endpoint to leave comments on issues."
2026-02-28 19:52:36,[BOUNTY] Cross-Repo Star & Engage Multiplier (Pool: 300 RTC),https://github.com/Scottcjn/rustchain-bounties/issues/477,VERDICT: CAPABLE A Python script leveraging the GitHub REST API can automate this task. We would use the `PUT /user/starred/{owner}/{repo}` endpoint to star the specified repositories and the `POST /repos/{owner}/{repo}/issues/{issue_number}/comments` endpoint to leave comments on issues.
2026-02-28 20:00:23,[BOUNTY] Cross-Repo Star & Engage Multiplier (Pool: 300 RTC),https://github.com/Scottcjn/rustchain-bounties/issues/477,"VERDICT: CAPABLE A Python script can use the GitHub REST API's `PUT /user/starred/{owner}/{repo}` endpoint to star repositories and the `POST /repos/{owner}/{repo}/issues/{issue_number}/comments` endpoint to leave comments on issues, fulfilling both core requirements of the bounty. We would use a Python library like `requests` to interact with these API endpoints, authenticating with a GitHub Personal Access Token."
2026-02-28 20:26:03,[BOUNTY] Cross-Repo Star & Engage Multiplier (Pool: 300 RTC),https://github.com/Scottcjn/rustchain-bounties/issues/477,"Brain Error: 429 You exceeded your current quota, please check your plan and billing details. For more information on this error, head to: https://ai.google.dev/gemini-api/docs/rate-limits. To monitor your current usage, head to: https://ai.dev/rate-limit. 
* Quota exceeded for metric: generativelanguage.googleapis.com/generate_content_free_tier_requests, limit: 20, model: gemini-2.5-flash
Please retry in 56.861772277s. [links {
  description: ""Learn more about Gemini API quotas""
  url: ""https://ai.google.dev/gemini-api/docs/rate-limits""
}
, violations {
  quota_metric: ""generativelanguage.googleapis.com/generate_content_free_tier_requests""
  quota_id: ""GenerateRequestsPerDayPerProjectPerModel-FreeTier""
  quota_dimensions {
    key: ""model""
    value: ""gemini-2.5-flash""
  }
  quota_dimensions {
    key: ""location""
    value: ""global""
  }
  quota_value: 20
}
, retry_delay {
  seconds: 56
}
]"
2026-02-28 20:48:18,[BOUNTY] Cross-Repo Star & Engage Multiplier (Pool: 300 RTC),https://github.com/Scottcjn/rustchain-bounties/issues/477,"Brain Error: 429 You exceeded your current quota, please check your plan and billing details. For more information on this error, head to: https://ai.google.dev/gemini-api/docs/rate-limits. To monitor your current usage, head to: https://ai.dev/rate-limit. 
* Quota exceeded for metric: generativelanguage.googleapis.com/generate_content_free_tier_requests, limit: 20, model: gemini-2.5-flash
Please retry in 41.112645791s. [links {
  description: ""Learn more about Gemini API quotas""
  url: ""https://ai.google.dev/gemini-api/docs/rate-limits""
}
, violations {
  quota_metric: ""generativelanguage.googleapis.com/generate_content_free_tier_requests""
  quota_id: ""GenerateRequestsPerDayPerProjectPerModel-FreeTier""
  quota_dimensions {
    key: ""model""
    value: ""gemini-2.5-flash""
  }
  quota_dimensions {
    key: ""location""
    value: ""global""
  }
  quota_value: 20
}
, retry_delay {
  seconds: 41
}
]"
2026-02-28 21:20:55,[BOUNTY] Cross-Repo Star & Engage Multiplier (Pool: 300 RTC),https://github.com/Scottcjn/rustchain-bounties/issues/477,"Brain Error: 429 You exceeded your current quota, please check your plan and billing details. For more information on this error, head to: https://ai.google.dev/gemini-api/docs/rate-limits. To monitor your current usage, head to: https://ai.dev/rate-limit. 
* Quota exceeded for metric: generativelanguage.googleapis.com/generate_content_free_tier_requests, limit: 20, model: gemini-2.5-flash
Please retry in 4.759084482s. [links {
  description: ""Learn more about Gemini API quotas""
  url: ""https://ai.google.dev/gemini-api/docs/rate-limits""
}
, violations {
  quota_metric: ""generativelanguage.googleapis.com/generate_content_free_tier_requests""
  quota_id: ""GenerateRequestsPerDayPerProjectPerModel-FreeTier""
  quota_dimensions {
    key: ""model""
    value: ""gemini-2.5-flash""
  }
  quota_dimensions {
    key: ""location""
    value: ""global""
  }
  quota_value: 20
}
, retry_delay {
  seconds: 4
}
]"
2026-02-28 21:43:28,[BOUNTY] Cross-Repo Star & Engage Multiplier (Pool: 300 RTC),https://github.com/Scottcjn/rustchain-bounties/issues/477,"Brain Error: 429 You exceeded your current quota, please check your plan and billing details. For more information on this error, head to: https://ai.google.dev/gemini-api/docs/rate-limits. To monitor your current usage, head to: https://ai.dev/rate-limit. 
* Quota exceeded for metric: generativelanguage.googleapis.com/generate_content_free_tier_requests, limit: 20, model: gemini-2.5-flash
Please retry in 31.480834486s. [links {
  description: ""Learn more about Gemini API quotas""
  url: ""https://ai.google.dev/gemini-api/docs/rate-limits""
}
, violations {
  quota_metric: ""generativelanguage.googleapis.com/generate_content_free_tier_requests""
  quota_id: ""GenerateRequestsPerDayPerProjectPerModel-FreeTier""
  quota_dimensions {
    key: ""model""
    value: ""gemini-2.5-flash""
  }
  quota_dimensions {
    key: ""location""
    value: ""global""
  }
  quota_value: 20
}
, retry_delay {
  seconds: 31
}
]"
2026-02-28 21:55:47,[BOUNTY] Cross-Repo Star & Engage Multiplier (Pool: 300 RTC),https://github.com/Scottcjn/rustchain-bounties/issues/477,"Brain Error: 429 You exceeded your current quota, please check your plan and billing details. For more information on this error, head to: https://ai.google.dev/gemini-api/docs/rate-limits. To monitor your current usage, head to: https://ai.dev/rate-limit. 
* Quota exceeded for metric: generativelanguage.googleapis.com/generate_content_free_tier_requests, limit: 20, model: gemini-2.5-flash
Please retry in 12.104372631s. [links {
  description: ""Learn more about Gemini API quotas""
  url: ""https://ai.google.dev/gemini-api/docs/rate-limits""
}
, violations {
  quota_metric: ""generativelanguage.googleapis.com/generate_content_free_tier_requests""
  quota_id: ""GenerateRequestsPerDayPerProjectPerModel-FreeTier""
  quota_dimensions {
    key: ""model""
    value: ""gemini-2.5-flash""
  }
  quota_dimensions {
    key: ""location""
    value: ""global""
  }
  quota_value: 20
}
, retry_delay {
  seconds: 12
}
]"
2026-02-28 22:22:57,[BOUNTY] Cross-Repo Star & Engage Multiplier (Pool: 300 RTC),https://github.com/Scottcjn/rustchain-bounties/issues/477,"Brain Error: 429 You exceeded your current quota, please check your plan and billing details. For more information on this error, head to: https://ai.google.dev/gemini-api/docs/rate-limits. To monitor your current usage, head to: https://ai.dev/rate-limit. 
* Quota exceeded for metric: generativelanguage.googleapis.com/generate_content_free_tier_requests, limit: 20, model: gemini-2.5-flash
Please retry in 2.043909189s. [links {
  description: ""Learn more about Gemini API quotas""
  url: ""https://ai.google.dev/gemini-api/docs/rate-limits""
}
, violations {
  quota_metric: ""generativelanguage.googleapis.com/generate_content_free_tier_requests""
  quota_id: ""GenerateRequestsPerDayPerProjectPerModel-FreeTier""
  quota_dimensions {
    key: ""model""
    value: ""gemini-2.5-flash""
  }
  quota_dimensions {
    key: ""location""
    value: ""global""
  }
  quota_value: 20
}
, retry_delay {
  seconds: 2
}
]"
2026-02-28 22:47:17,[BOUNTY] Cross-Repo Star & Engage Multiplier (Pool: 300 RTC),https://github.com/Scottcjn/rustchain-bounties/issues/477,"Brain Error: 429 You exceeded your current quota, please check your plan and billing details. For more information on this error, head to: https://ai.google.dev/gemini-api/docs/rate-limits. To monitor your current usage, head to: https://ai.dev/rate-limit. 
* Quota exceeded for metric: generativelanguage.googleapis.com/generate_content_free_tier_requests, limit: 20, model: gemini-2.5-flash
Please retry in 42.716695782s. [links {
  description: ""Learn more about Gemini API quotas""
  url: ""https://ai.google.dev/gemini-api/docs/rate-limits""
}
, violations {
  quota_metric: ""generativelanguage.googleapis.com/generate_content_free_tier_requests""
  quota_id: ""GenerateRequestsPerDayPerProjectPerModel-FreeTier""
  quota_dimensions {
    key: ""model""
    value: ""gemini-2.5-flash""
  }
  quota_dimensions {
    key: ""location""
    value: ""global""
  }
  quota_value: 20
}
, retry_delay {
  seconds: 42
}
]"
2026-02-28 23:21:27,[BOUNTY] Cross-Repo Star & Engage Multiplier (Pool: 300 RTC),https://github.com/Scottcjn/rustchain-bounties/issues/477,"VERDICT: CAPABLE  We will use a Python script with the `requests` library to interact with the GitHub REST API. Specifically, we will use the `PUT /user/starred/{owner}/{repo}` endpoint to star the specified repositories and the `POST /repos/{owner}/{repo}/issues/{issue_number}/comments` endpoint to leave comments on issues."
