timestamp,top_project,top_apy,gemini_verdict
2026-02-28 17:37:55,NONE,0.0%,VERDICT: REJECT. No pools met the safety (>$1M TVL) and yield (>100% APY) criteria on BSC.
2026-02-28 17:54:13,NONE,0.0%,VERDICT: REJECT. No pools met the safety (>$1M TVL) and yield (>100% APY) criteria on BSC.
2026-02-28 18:16:25,zeebu,2626.48%,"Brain Error: 404 models/gemini-1.5-flash-latest is not found for API version v1beta, or is not supported for generateContent. Call ListModels to see the list of available models and their supported methods."
2026-02-28 18:21:54,zeebu,2626.48%,"Brain Error: 404 models/gemini-1.5-flash is not found for API version v1beta, or is not supported for generateContent. Call ListModels to see the list of available models and their supported methods."
2026-02-28 18:27:51,zeebu,2625.67%,"The Zeebu (ZBU) pool, with its 2625.67% APY, yields an exact daily profit of £0.4316 from your £6 bankroll. This covers the £0.30 gas fee in precisely 0.695 days. Despite these enticing numbers, such an anomalous APY inherently signals extreme impermanent loss potential, liquidity risk, or a high probability of a rug-pull. This risk profile far outweighs the marginal daily gain.  VERDICT: REJECT."
2026-02-28 18:32:46,zeebu,2625.67%,"The highest APY pool is Zeebu (ZBU) at 2625.67%. Your £6 bankroll would theoretically yield £0.43 daily profit. Factoring in the £0.30 gas fee, it would take just 0.70 days to break even. However, an APY of 2625% on an unknown project is an extreme red flag for unsustainable tokenomics or a potential rug pull, making capital loss virtually certain.  VERDICT: REJECT"
2026-02-28 19:01:17,zeebu,2625.67%,"The Zeebu (ZBU) pool offers the highest APY at 2625.67%. This yields an exact daily profit of £0.054528 from your £6.00 bankroll, factoring in compounded returns. Consequently, it will take precisely 5.49808 days to break even on the £0.30 gas fee. VERDICT: REJECT. The negligible daily profit relative to the bankroll and the inefficient 5.5-day breakeven on gas for a highly volatile APY project renders this deployment of capital quantitatively unsound."
2026-02-28 19:15:24,zeebu,2625.67%,"The Zeebu (ZBU) pool's 2625.67% APY yields an exact daily profit of £0.4316169863 from your £6 bankroll. This aggressive return means the £0.30 gas fee would be recuperated in precisely 0.6950290115 days. The rapid capital recapture on gas, coupled with the extreme APY, presents a mathematically sound short-term yield opportunity for a paper trade.  VERDICT: EXECUTE."
2026-02-28 19:27:47,zeebu,2624.85%,"The Zeebu (ZBU) pool, with a 2624.85% APY, offers the highest yield, generating an exact daily profit of £0.43148219 from a £6 bankroll. Gas fees of £0.30 are precisely recovered in 0.69527651 days. This extremely rapid break-even, despite inherent high-APY risks for real capital, makes it quantitatively favorable for a simulated paper trade. VERDICT: EXECUTE."
2026-02-28 19:31:55,zeebu,2624.85%,The Zeebu (ZBU) pool's extreme 2624.85% APY delivers an exact daily profit of £0.43148219 from your £6 bankroll. Breaking even on the £0.30 gas fee will precisely take 0.69524023 days. Such a high yield and sub-day gas fee recoup makes this an undeniably lucrative paper trade based on the provided metrics.  VERDICT: EXECUTE.
2026-02-28 19:49:46,zeebu,2624.85%,The Zeebu (ZBU) pool dominates with a 2624.85% APY. A £6 bankroll generates an exact daily profit of £0.43148219. Breaking even on the £0.30 gas fee requires precisely 0.69527786 days. EXECUTE: The exceptionally high yield and sub-day gas fee recovery for a paper trade are quantitatively superior.
2026-02-28 19:52:31,zeebu,2624.85%,"The highest APY pool is Zeebu (ZBU) at 2624.85%. This translates to an exact daily profit of £0.0546 on a £6 bankroll, requiring 5.50 days to break even on the £0.30 gas fee. However, such an extreme APY unequivocally signals hyper-inflationary tokenomics and severe risk of principal depreciation for ZBU. REJECT; the quantitative risk of capital erosion far outweighs the theoretical daily yield, even for a paper trade."
2026-02-28 20:00:17,zeebu,2624.85%,"The highest APY pool is Zeebu (ZBU) at 2624.85%. Based on your £6.00 bankroll, the exact daily profit from this pool is £0.0546. It will take precisely 5.4967 days just to break even on the £0.30 gas fee. This negligible absolute return, coupled with the inherent volatility of a 2624.85% APY altcoin pool, renders the venture inefficient and high-risk relative to the capital. VERDICT: REJECT."
2026-02-28 20:26:00,zeebu,2624.07%,"The Zeebu (ZBU) pool, with its 2624.07% APY, is the highest yield, generating an exact daily profit of £0.431 for your £6 bankroll. This means the £0.30 gas fee would be recuperated in precisely 0.695 days. Despite the rapid break-even and high percentage yield, the minuscule absolute daily profit on such a negligible bankroll makes this an inefficient deployment of capital. VERDICT: REJECT."
2026-02-28 20:48:16,zeebu,2624.07%,"Brain Error: 429 You exceeded your current quota, please check your plan and billing details. For more information on this error, head to: https://ai.google.dev/gemini-api/docs/rate-limits. To monitor your current usage, head to: https://ai.dev/rate-limit. 
* Quota exceeded for metric: generativelanguage.googleapis.com/generate_content_free_tier_requests, limit: 20, model: gemini-2.5-flash
Please retry in 44.015104728s. [links {
  description: ""Learn more about Gemini API quotas""
  url: ""https://ai.google.dev/gemini-api/docs/rate-limits""
}
, violations {
  quota_metric: ""generativelanguage.googleapis.com/generate_content_free_tier_requests""
  quota_id: ""GenerateRequestsPerDayPerProjectPerModel-FreeTier""
  quota_dimensions {
    key: ""model""
    value: ""gemini-2.5-flash""
  }
  quota_dimensions {
    key: ""location""
    value: ""global""
  }
  quota_value: 20
}
, retry_delay {
  seconds: 44
}
]"
2026-02-28 21:20:52,zeebu,2624.07%,"Brain Error: 429 You exceeded your current quota, please check your plan and billing details. For more information on this error, head to: https://ai.google.dev/gemini-api/docs/rate-limits. To monitor your current usage, head to: https://ai.dev/rate-limit. 
* Quota exceeded for metric: generativelanguage.googleapis.com/generate_content_free_tier_requests, limit: 20, model: gemini-2.5-flash
Please retry in 7.866243813s. [links {
  description: ""Learn more about Gemini API quotas""
  url: ""https://ai.google.dev/gemini-api/docs/rate-limits""
}
, violations {
  quota_metric: ""generativelanguage.googleapis.com/generate_content_free_tier_requests""
  quota_id: ""GenerateRequestsPerDayPerProjectPerModel-FreeTier""
  quota_dimensions {
    key: ""model""
    value: ""gemini-2.5-flash""
  }
  quota_dimensions {
    key: ""location""
    value: ""global""
  }
  quota_value: 20
}
, retry_delay {
  seconds: 7
}
]"
2026-02-28 21:43:25,zeebu,2703.23%,"Brain Error: 429 You exceeded your current quota, please check your plan and billing details. For more information on this error, head to: https://ai.google.dev/gemini-api/docs/rate-limits. To monitor your current usage, head to: https://ai.dev/rate-limit. 
* Quota exceeded for metric: generativelanguage.googleapis.com/generate_content_free_tier_requests, limit: 20, model: gemini-2.5-flash
Please retry in 34.385746306s. [links {
  description: ""Learn more about Gemini API quotas""
  url: ""https://ai.google.dev/gemini-api/docs/rate-limits""
}
, violations {
  quota_metric: ""generativelanguage.googleapis.com/generate_content_free_tier_requests""
  quota_id: ""GenerateRequestsPerDayPerProjectPerModel-FreeTier""
  quota_dimensions {
    key: ""model""
    value: ""gemini-2.5-flash""
  }
  quota_dimensions {
    key: ""location""
    value: ""global""
  }
  quota_value: 20
}
, retry_delay {
  seconds: 34
}
]"
2026-02-28 21:55:45,zeebu,2703.23%,"Zeebu's ZBU pool, with an APY of 2703.23%, yields an exact daily profit of £0.44436658 on a £6 bankroll. This means the £0.30 round-trip gas fee is recouped in precisely 0.67512 days. Despite the inherent unsustainability and extreme risk of such an APY, the rapid gas fee recovery makes it quantitatively advantageous for a paper trade. VERDICT: EXECUTE."
2026-02-28 22:22:55,zeebu,2702.4%,"Brain Error: 429 You exceeded your current quota, please check your plan and billing details. For more information on this error, head to: https://ai.google.dev/gemini-api/docs/rate-limits. To monitor your current usage, head to: https://ai.dev/rate-limit. 
* Quota exceeded for metric: generativelanguage.googleapis.com/generate_content_free_tier_requests, limit: 20, model: gemini-2.5-flash
Please retry in 5.008135195s. [links {
  description: ""Learn more about Gemini API quotas""
  url: ""https://ai.google.dev/gemini-api/docs/rate-limits""
}
, violations {
  quota_metric: ""generativelanguage.googleapis.com/generate_content_free_tier_requests""
  quota_id: ""GenerateRequestsPerDayPerProjectPerModel-FreeTier""
  quota_dimensions {
    key: ""model""
    value: ""gemini-2.5-flash""
  }
  quota_dimensions {
    key: ""location""
    value: ""global""
  }
  quota_value: 20
}
, retry_delay {
  seconds: 5
}
]"
2026-02-28 22:47:14,zeebu,2702.4%,"The Zeebu (ZBU) pool offers the highest APY at 2702.4%. Based on a £6 bankroll, the exact daily profit is £0.4442. Consequently, it would take just 0.675 days to break even on the £0.30 gas fee. Despite the extreme APY suggesting high underlying asset risk and potential inflation, these immediate quantitative returns are highly aggressive for a paper trade.  VERDICT: EXECUTE."
2026-02-28 23:21:18,zeebu,2702.4%,"The Zeebu (ZBU) pool's 2702.4% APY offers the highest theoretical yield, generating an exact daily profit of £0.444 from your £6 bankroll. Breaking even on the £0.30 gas fee would take precisely 0.675 days. However, this extreme APY, especially from an obscure project like Zeebu, signifies unsustainable tokenomics and catastrophic risk of principal loss. A £6 bankroll is insufficient to justify engaging with such volatility, as rapid depreciation will negate any yield gains.  VERDICT: REJECT"
2026-02-28 23:44:07,zeebu,2701.56%,"The Zeebu (ZBU) pool, with an astronomical 2701.56% APY, yields an exact daily profit of £0.443993 from a £6 bankroll. Gas fees of £0.30 would be recovered in precisely 0.675677 days, indicating exceptional immediate efficiency. While such an extreme APY signals substantial underlying risk like impermanent loss or token depreciation, for a quantitative paper trade based purely on presented metrics, the immediate return profile is optimal. VERDICT: EXECUTE."
2026-02-28 23:56:28,zeebu,2701.56%,"The zeebu (ZBU) pool's astounding 2701.56% APY yields an exact daily profit of £0.444 from your £6 bankroll. This allows you to break even on the £0.30 gas fee in a mere 0.68 days. While such outlier APYs signal extreme risk like hyper-inflationary tokenomics or impermanent loss, for a paper trade, the quantitative metrics are overwhelmingly positive. EXECUTE."
2026-03-01 05:16:38,zeebu,2674.49%,"Brain Error: 429 You exceeded your current quota, please check your plan and billing details. For more information on this error, head to: https://ai.google.dev/gemini-api/docs/rate-limits. To monitor your current usage, head to: https://ai.dev/rate-limit. 
* Quota exceeded for metric: generativelanguage.googleapis.com/generate_content_free_tier_requests, limit: 20, model: gemini-2.5-flash
Please retry in 21.677203383s. [links {
  description: ""Learn more about Gemini API quotas""
  url: ""https://ai.google.dev/gemini-api/docs/rate-limits""
}
, violations {
  quota_metric: ""generativelanguage.googleapis.com/generate_content_free_tier_requests""
  quota_id: ""GenerateRequestsPerDayPerProjectPerModel-FreeTier""
  quota_dimensions {
    key: ""model""
    value: ""gemini-2.5-flash""
  }
  quota_dimensions {
    key: ""location""
    value: ""global""
  }
  quota_value: 20
}
, retry_delay {
  seconds: 21
}
]"
2026-03-01 08:28:46,zeebu,2647.03%,"The `zeebu` (ZBU) pool's 2647.03% APY generates an exact daily profit of £0.4351 from a £6 bankroll. This yields a breakeven time for the £0.30 gas fee of exactly 0.69 days. VERDICT: EXECUTE. Despite the implied extreme risk of such an unsustainable APY, the rapid gas recovery and notional profitability warrant a paper trade simulation."
2026-03-01 12:42:19,zeebu,316.8%,"The Zeebu (ZBU) pool, with 316.8% APY, offers the highest yield, generating an exact daily profit of £0.052076712 from your £6 bankroll. It will take precisely 5.7607733 days just to recover the £0.30 gas fee. This recovery period is unacceptably long for such a minimal daily return, indicating extreme capital inefficiency. VERDICT: REJECT."
2026-03-01 15:43:04,zeebu,2596.42%,"The Zeebu (ZBU) pool offers the highest APY at 2596.42%, yielding an exact daily profit of £0.4268 from your £6 bankroll. This phenomenal rate means the £0.30 gas fee will be recovered in precisely 0.703 days. While such extreme yields often signal high volatility and smart contract risk, for a paper trade focused strictly on quantitative returns, the immediate profitability and rapid break-even point are unparalleled. VERDICT: EXECUTE."
2026-03-01 15:55:45,zeebu,2596.42%,"The Zeebu (ZBU) pool offers a dominant 2596.42% APY, generating an exact daily profit of £0.4268 from your £6 bankroll. Gas fees of £0.30 are recouped in a mere 0.70 days. While such extreme APYs carry significant inherent risks like token volatility or rug potential, the rapid gas fee recovery for a paper trade theoreticalizes capital risk. VERDICT: EXECUTE."
2026-03-01 16:20:48,zeebu,2596.42%,"The Zeebu (ZBU) pool, with its 2596.42% APY, yields an exact daily profit of £0.4268 on your £6 bankroll. This means the £0.30 gas fee would be recouped in precisely 0.70 days. While the APY is unsustainably high and signals extreme risk, the rapid break-even on paper is overwhelmingly favorable. VERDICT: EXECUTE."
2026-03-01 16:24:27,zeebu,2595.63%,"The Zeebu (ZBU) pool's 2595.63% APY is quantitatively superior. A £6 bankroll yields £0.4267 daily profit, recovering the £0.30 gas fee in just 0.70 days. This rapid capital efficiency and extreme yield, ignoring real-world risks for a paper trade, demands action. VERDICT: EXECUTE."
