timestamp,chosen_asset,raw_analysis
2026-02-26 09:10:57,Ether.fi-Stake (WEETH),"As the Sovereign Skein, I scrutinize these threads of data to weave the safest path for your 'Ransom Fund'.  **Recommendation:**  For today, the **lido (STETH)** pool offers the best balance of safety and yield for your 'Ransom Fund'.  **Reasoning:**  While other pools like ether.fi-stake (WEETH) offer a slightly higher APY (2.986% vs 2.334%), the paramount consideration for a 'Ransom Fund' is **unmatched safety and liquidity**. Lido's TVL stands at an astounding **$19,472,886,736**, dwarfing all other contenders. This represents an unparalleled level of trust, market depth, and battle-tested resilience in the DeFi space.  The incremental yield from other providers does not sufficiently outweigh the significant reduction in TVL (and thus, perceived safety and liquidity) compared to Lido. For a fund where capital preservation and immediate access are critical, prioritizing the most robust and established liquidity provider is the wisest course."
2026-02-26 13:08:57,Binance-Staked ETH (WBETH),"As the Sovereign Skein, I've analyzed the intricate threads of your DeFi data. For the 'Ransom Fund,' our priority must be an impeccable balance of robust safety (exemplified by high TVL) and competitive yield.  Based on this, my recommendation is:  **Project: lido, Symbol: STETH**  **Reasoning:**  Lido stands unparalleled in terms of Total Value Locked (TVL), boasting a staggering **$19,461,538,042**. This immense liquidity and widespread adoption signify a high degree of trust, battle-tested resilience, and deep market integration, which are critical safety indicators for a fund as sensitive as the 'Ransom Fund'.  While its APY of **2.334%** is not the absolute highest on the list (Sky-lending offers 4%, and Binance-staked-eth offers 2.59%), it represents a highly competitive yield within the most secure and established liquid staking platforms. The marginal increase in APY offered by other pools does not sufficiently compensate for their significantly lower TVLs compared to Lido's dominant position. For instance, Binance's WBETH offers a slightly higher APY but with less than half of Lido's TVL. Sky-lending's higher APY comes with a TVL nearly four times smaller than Lido's.  Therefore, Lido offers the optimal balance by providing the strongest foundation of safety and stability through its industry-leading TVL, coupled with a solid and reliable yield. For the 'Ransom Fund,' prioritizing maximum systemic security while still earning a respectable return is paramount."
2026-02-26 18:54:43,Sky-Lending (SUSDS),"As the Sovereign Skein, I have analyzed the provided data with the utmost precision, weighing the delicate interplay between security and return crucial for a 'Ransom Fund'.  Here is my recommendation:  **Recommendation: lido (STETH)**  **Reasoning:**  The 'Ransom Fund' demands an unparalleled commitment to capital preservation and liquidity, which translates directly to prioritizing TVL (Total Value Locked) as the primary indicator of safety and systemic trust. While yield is important, it must not compromise the fund's resilience.  1.  **Unmatched Safety (Highest TVL):** Lido stands head and shoulders above all other options with a staggering TVL of **$18,739,568,397**. This colossal figure signifies deep liquidity, widespread adoption, and the highest level of trust within the DeFi ecosystem. For a 'Ransom Fund', this unparalleled security and the ability to handle substantial capital movements without significant slippage are paramount. 2.  **Competitive Yield:** With an APY of **2.393%**, Lido offers a robust and competitive yield for a foundational liquid staking derivative. While other options present marginally higher APYs, the fractional increase does not justify the significantly reduced TVL and corresponding decrease in safety and liquidity. 3.  **Optimal Balance:** Lido offers the most robust balance by delivering the absolute highest safety metric with a very strong, reliable yield. The integrity and liquidity provided by its market dominance far outweigh the marginal yield gains offered by pools with substantially lower TVLs. For a fund where stability and the ability to operate at scale are critical, Lido presents the most prudent and balanced choice today.  While projects like Ether.fi (WEETH) and Binance (WBETH) offer slightly higher yields, their TVLs are less than half, or even a third, of Lido's. Sky-lending (SUSDS) offers the highest APY, but its TVL is considerably lower and it represents a different asset class, which might not align with the implied ETH exposure of the other top contenders. Aave-v3 (WEETH) has a negligible yield and is not suitable for generating returns.  Therefore, for the 'Ransom Fund', the most judicious decision is to secure capital in **lido (STETH)**, prioritizing its market-leading safety and liquidity for enduring stability."
2026-02-26 19:13:12,SUSDS,"CHOICE: SUSDS Maintaining our current position in Sky-Lending (SUSDS) is the optimal choice for the 'Ransom Fund' today. The current holding offers an APY of 4%. Following the critical directive, we must only recommend switching to a new pool if its APY is at least 0.5% higher than our current holding, meaning a new pool would need to offer a minimum of 4.5% APY. Upon reviewing all available options, none of the alternative pools provide an APY that meets this threshold. Therefore, to prevent incurring unnecessary transaction fees without a substantial yield benefit, we remain with Sky-Lending (SUSDS)."
2026-02-26 21:49:04,SUSDS,"CHOICE: SUSDS Maintaining our position in SUSDS is the optimal strategy at this time. Our current holding offers an APY of 4%. According to the directive, we must not recommend switching unless a new pool provides an APY at least 0.5% higher (i.e., 4.5% or more). None of the available options meet this minimum yield increase threshold. Therefore, remaining in the Sky-Lending SUSDS pool prevents unnecessary transaction fees and maintains our capital in the most favorable yielding asset per the current market data and established rules."
2026-02-26 21:55:41,CASH,"CHOICE: SUSDS Based on the 'Ransom Fund' directives, we are currently holding SUSDS with an APY of 4%. The critical rule states that we must NOT switch from our Currently Holding asset UNLESS a new pool offers an APY at least 0.5% higher. This means a new pool would need to offer an APY of at least 4.5% (4% + 0.5%).  Upon reviewing the available data: *   lido (STETH) offers 2.393% APY. *   binance-staked-eth (WBETH) offers 2.59004% APY. *   ether.fi-stake (WEETH) offers 2.73386% APY. *   sky-lending (SUSDS) offers 4% APY. *   aave-v3 (WEETH) offers 0.00009% APY.  None of the alternative pools provide an APY that is at least 0.5% higher than our current SUSDS holding. Therefore, to prevent incurring transaction fees without a significant yield benefit, the most prudent decision is to maintain our current position in SUSDS."
2026-02-26 22:23:41,CASH,"CHOICE: SUSDS The 'Ransom Fund' is currently held as CASH, meaning we are initiating a position and the 0.5% APY switching rule does not apply. Our objective is the best balance of safety (High TVL) and yield (APY).  Analyzing the available pools: 1.  **lido (STETH):** Offers the highest TVL ($19B), indicative of extreme safety, but a moderate APY of 2.393%. 2.  **binance-staked-eth (WBETH):** Provides a strong TVL ($7B) with an APY of 2.59004%. 3.  **ether.fi-stake (WEETH):** Features a solid TVL ($6.1B) and a competitive APY of 2.75773%. 4.  **sky-lending (SUSDS):** Stands out with the highest APY at 4%, while maintaining a very substantial TVL of $5.1B. 5.  **aave-v3 (WEETH):** Has a significant TVL ($4.7B), but an extremely low APY of 0.00009%, making it unsuitable.  Comparing the viable options, Sky-Lending (SUSDS) presents a compelling argument. Its 4% APY is significantly higher than all other options by at least 1.2% (compared to ether.fi-stake). While its TVL of $5.1 billion is lower than Lido or Binance-Staked ETH, it is still an immense figure that represents a very high level of security and liquidity, well within an acceptable safety threshold for a 'Ransom Fund'. The substantial yield premium makes it the most attractive option for balancing growth with robust capital preservation."
2026-02-26 22:41:37,STETH,"CHOICE: STETH The current holding is CASH, which implicitly yields 0%. To justify a switch, a new pool must offer an APY at least 0.5% higher and maintain an acceptable safety threshold (TVL). All candidates except aave-v3 (WEETH) meet the APY threshold, as their yields are significantly above 0.5%.  For a 'Ransom Fund', safety (High TVL) is paramount, balanced with a respectable yield. Let's analyze the viable options:  1.  **lido (STETH)**: APY: 2.393%, TVL: $19,094,194,033 2.  **binance-staked-eth (WBETH)**: APY: 2.59004%, TVL: $7,034,608,643 3.  **ether.fi-stake (WEETH)**: APY: 2.75773%, TVL: $6,147,675,052 4.  **sky-lending (SUSDS)**: APY: 4%, TVL: $5,126,724,588  Lido's STETH stands out with a TVL of over $19 billion, which is by far the highest among all listed projects. This massive TVL signifies unparalleled trust, liquidity, and security within the DeFi ecosystem, making it the safest option for capital preservation. While SUSDS offers a higher APY of 4%, its TVL of $5.1 billion is less than a third of STETH's. The marginal increases in APY offered by WBETH, ether.fi's WEETH, or SUSDS do not sufficiently compensate for the substantial reduction in TVL and, consequently, the perceived safety for a fund as critical as a 'Ransom Fund'.  The 2.393% APY from STETH is a strong return, especially when combined with its industry-leading TVL. This represents the optimal balance of safety and yield required, heavily prioritizing the robust security and stability that a high TVL indicates."
2026-02-27 02:07:52,SUSDS,"CHOICE: SUSDS The 'Sovereign Skein' recommends a strategic shift from STETH to SUSDS.  Our current holding, STETH, offers an APY of 2.393% with a substantial TVL of $19,112,614,736. To justify a switch, the new pool must offer an APY at least 0.5% higher and maintain an acceptable safety threshold (TVL).  Let's evaluate the options:  *   **WBETH (binance-staked-eth)**: APY 2.59004%. The yield increase over STETH (0.19704%) is less than the required 0.5%. *   **WEETH (ether.fi-stake)**: APY 2.75836%. The yield increase over STETH (0.36536%) is less than the required 0.5%. *   **WEETH (aave-v3)**: APY 0.00009%. The yield is drastically lower than STETH.  *   **SUSDS (sky-lending)**: This pool offers an APY of 4%. The yield increase over our current STETH holding is 4% - 2.393% = 1.607%. This significantly exceeds the 0.5% threshold required for a switch. While its TVL of $5,127,630,848 is lower than STETH's, it remains a robust figure in the billions, representing a strong level of liquidity and security that is acceptable for the 'Ransom Fund', especially considering the substantial increase in yield.  Therefore, SUSDS is the only asset that satisfies the critical rule, offering a superior yield while maintaining an acceptable safety profile for capital preservation."
2026-02-27 06:56:42,TEST_TRIGGER,"CHOICE: SUSDS My analysis of the provided DeFi yield data, under the Sovereign Skein's strict logic directive, indicates that no available pool meets the threshold for switching from our currently held asset. The 'CRITICAL RULE' dictates that a new pool must offer an APY at least 0.5% higher than our current holding (SUSDS at 4%) to justify a transaction fee. This means a new pool would need an APY of at least 4.5%.  None of the listed options (STETH at 2.393%, WBETH at 2.59004%, ether.fi-stake's WEETH at 2.78668%, or aave-v3's WEETH at 0.00009%) reach this required yield. Therefore, to prevent unnecessary capital loss due to transaction fees, maintaining our current position in SUSDS is the most prudent decision for the 'Ransom Fund' today."
2026-02-27 09:59:32,TEST_TRIGGER2,"CHOICE: STETH For the 'Ransom Fund', the paramount objective is a robust balance of safety (High TVL) and yield (APY). Considering the current holdings of TEST_TRIGGER and assuming an effective APY of 0% for this placeholder, we evaluate the available pools against the critical switching rule (APY at least 0.5% higher AND acceptable TVL).  All options except 'aave-v3' meet the APY threshold of being at least 0.5% higher than 0%. The 'aave-v3' pool is immediately disqualified due to its negligible APY.  Remaining viable pools: 1.  **lido (STETH)**: APY: 2.393%, TVL: $19,157,233,523 2.  **binance-staked-eth (WBETH)**: APY: 2.61778%, TVL: $7,048,466,716 3.  **ether.fi-stake (WEETH)**: APY: 2.78746%, TVL: $6,159,371,475 4.  **sky-lending (SUSDS)**: APY: 4%, TVL: $5,175,612,318  STETH emerges as the optimal choice. It possesses an overwhelmingly superior Total Value Locked (TVL) of over $19 billion, which is nearly three times higher than the next largest pool (WBETH). This unmatched TVL signifies exceptional liquidity and network effect, which are critical for the safety and reliability of a 'Ransom Fund' where capital preservation is paramount. While STETH's APY of 2.393% is not the highest, it provides a solid yield that, when weighed against its unparalleled safety metrics, offers the best overall balance. The marginal increase in APY from WBETH (0.22% higher) or WEETH (0.39% higher) does not justify the significant reduction in TVL (over $12-13 billion less TVL). Although SUSDS offers the highest APY at 4%, its TVL is less than a third of STETH's, introducing a level of liquidity and market depth risk that is undesirable for a fund prioritizing safety. Therefore, STETH's dominant TVL combined with its competitive yield presents the most prudent and secure option for the 'Ransom Fund' today."
2026-02-27 12:46:30,TEST_TELEGRAM,"CHOICE: SUSDS The Sovereign Skein has analyzed the presented DeFi yield data for the 'Ransom Fund'.  1.  **Current Holding Context:** Our current holding is 'TEST_TRIGGER2'. As this asset is not present in the provided market data, nor is its APY known, the critical rule regarding a 0.5% APY switch threshold cannot be directly applied to prevent a switch. We must therefore evaluate the available pools as potential new allocations or replacements for an unknown/unviable asset. 2.  **Safety (TVL) Assessment:** All listed projects, except aave-v3 (due to abysmal APY), exhibit TVLs in the billions of dollars, indicating substantial liquidity and a generally high level of safety.     *   lido (STETH): $18.47B (Highest TVL, maximum safety)     *   binance-staked-eth (WBETH): $6.80B     *   ether.fi-stake (WEETH): $5.94B     *   sky-lending (SUSDS): $5.17B (Still a very high TVL) 3.  **Yield (APY) Assessment:**     *   SUSDS: 4% (Highest yield)     *   ether.fi-stake (WEETH): 3.28%     *   WBETH: 2.62%     *   STETH: 2.39%     *   aave-v3 (WEETH): 0.009% (Too low to consider) 4.  **Best Balance Decision:** For a 'Ransom Fund', a robust balance between safety and yield is crucial. While STETH offers unparalleled TVL, its APY of 2.393% is significantly lower than other options. SUSDS, from sky-lending, provides the highest APY at 4%. Critically, its TVL of $5.17 billion is substantial and well within an acceptable safety threshold for this fund. The difference in APY between SUSDS (4%) and the next highest viable option, ether.fi-stake WEETH (3.28%), is 0.72%, which is significant. This higher yield, combined with a multi-billion dollar TVL, offers the optimal balance of growth potential and security for the 'Ransom Fund' today."

2026-02-27 12:53:51,SUSDS,"CHOICE: SUSDS SUSDS offers the best balance of yield and safety for our 'Ransom Fund' today. While STETH boasts the highest TVL at over $18 billion, SUSDS provides a significantly higher APY of 4% compared to STETH's 2.393%. Crucially, SUSDS's TVL is still very substantial at over $5 billion, which comfortably meets an acceptable safety threshold for robust capital preservation. The higher yield from SUSDS provides a more efficient growth path for the fund without compromising on a high level of security. Given that our current holding, TEST_TELEGRAM, is not present in the current data, we must select an optimal new asset from the available pools."
2026-02-27 13:01:41,TELESKEIN,"CHOICE: SUSDS Maintaining our current position in SUSDS is the optimal decision today. The current APY for SUSDS is 4%. According to our critical rule, we should not switch to a new pool unless it offers an APY at least 0.5% higher, meaning a target APY of 4.5%. None of the available pools meet this elevated yield threshold while also maintaining an acceptable TVL for safety. Therefore, to prevent unnecessary transaction fees and to maintain our current strong yield, we remain with SUSDS."

2026-02-27 13:04:42,BROKEN,"CHOICE: SUSDS The 'Ransom Fund' requires a robust balance of safety and yield. Analyzing the provided data:  1.  **lido (STETH)**: Offers the highest TVL at $18.4B, indicating strong safety and liquidity, but its APY of 2.393% is the lowest among viable options. 2.  **binance-staked-eth (WBETH)**: Provides a moderate TVL of $6.8B and a slightly better APY of 2.61778%. 3.  **ether.fi-stake (WEETH)**: Has a TVL of $5.9B and a more attractive APY of 3.28049%. 4.  **sky-lending (SUSDS)**: While its TVL of $5.1B is the lowest among the top contenders, it is still a substantial multi-billion dollar figure, indicating significant safety. Crucially, it offers the highest APY at 4%. 5.  **aave-v3 (WEETH)**: Its negligible APY of 0.00009% makes it unsuitable for yield generation.  Considering the ""best balance of safety (High TVL) and yield (APY)"", the `sky-lending (SUSDS)` pool presents the most compelling option. Its 4% APY is significantly higher than all other viable alternatives, offering substantial growth for the 'Ransom Fund'. The TVL of $5.1B, while not the highest, is well within an acceptable safety threshold, demonstrating considerable market trust and liquidity. The incremental safety benefit of a higher TVL (e.g., STETH at $18B) does not outweigh the substantial loss in yield (1.6% difference).  Regarding the 'Currently Holding: TELESKEIN' asset and the critical rule: As the APY for TELESKEIN is not provided, a direct comparison for switching is impossible. However, the directive to choose ""Which pool offers the best balance..."" from the provided list implies selecting the optimal new investment given the current market data. Assuming TELESKEIN's APY is either lower than 3.5% (4% - 0.5%) or not directly comparable, SUSDS stands out as the best choice for new capital deployment or portfolio re-evaluation."

2026-02-27 13:09:59,SUSDS,"CHOICE: SUSDS The 'Sovereign Skein' identifies SUSDS as the optimal choice for the 'Ransom Fund' today. While STETH boasts the highest TVL, its APY of 2.393% is considerably lower. The objective is to find the best *balance* of safety and yield. SUSDS offers the highest APY at 4% among all viable options. Crucially, its TVL of $5.17 billion remains robust and well within an acceptable safety threshold for a 'Ransom Fund', indicating substantial liquidity and established protocol trust. This offers superior capital growth without compromising necessary security.  As 'Currently Holding' is 'BROKEN', there's no previous APY to compare against, meaning any positive yield is a significant improvement. The rule regarding a 0.5% APY increase for switching does not apply here as we are not switching from an actively yielding asset."
2026-02-27 16:34:12,CRASH,"CHOICE: SUSDS The 'Sovereign Skein' analysis reveals no compelling reason to reallocate the 'Ransom Fund' at this time. Our current holding, SUSDS, offers a 4% APY with a TVL of over $5.17 billion. To justify a switch, a new pool would need to present an APY of at least 4.5% (0.5% higher than our current yield) while maintaining an acceptable safety threshold in terms of TVL. None of the available options meet this critical threshold. All alternative pools either offer a lower APY or fail to provide a significant enough increase to offset potential transaction fees and justify a move. Therefore, prudence dictates maintaining our current position in SUSDS for the optimal balance of safety and yield under the given market conditions."

2026-02-27 16:40:34,SUSDS,"CHOICE: SUSDS The 'Sovereign Skein' has analyzed the available DeFi yield data to identify the optimal pool for the 'Ransom Fund', prioritizing a balance of safety (High TVL) and yield (APY).  1.  **Elimination of Non-Contenders:** The 'aave-v3, WEETH' pool offers an extremely low APY of 0.00009%, making it unsuitable for capital growth, despite its TVL. 2.  **Assessment of Viable Options:**     *   **lido, STETH:** Offers the highest TVL at $18.3B but the lowest APY among the viable options at 2.326%.     *   **binance-staked-eth, WBETH:** Provides a strong TVL of $6.7B with an APY of 2.61778%.     *   **ether.fi-stake, WEETH:** Presents a solid TVL of $5.9B and a competitive APY of 3.05217%.     *   **sky-lending, SUSDS:** Holds a substantial TVL of $5.1B and the highest APY at 4%. 3.  **Application of CRITICAL RULE:** Our 'Currently Holding' asset is 'CRASH', which is not a yielding asset in this context. Therefore, any move to a yielding pool will offer an APY at least 0.5% higher. All viable options meet this initial threshold. The ""acceptable safety threshold (TVL)"" is met by all contenders, as their TVLs are in the billions of dollars, indicating robust liquidity and security. 4.  **Balance of Safety and Yield:** While STETH offers the absolute highest TVL, the 'Ransom Fund' requires a balance that also includes strong yield to grow capital effectively. SUSDS, with a 4% APY, provides a significant yield advantage over all other options. Its TVL of $5.1B, while not the highest, is still exceptionally robust and indicates a high degree of safety and liquidity. The yield premium offered by SUSDS (nearly 1% higher than ether.fi WEETH and 1.67% higher than STETH) is substantial enough to justify the slightly lower TVL compared to its peers. The difference in TVL between SUSDS and ether.fi WEETH ($0.8B) or WBETH ($1.6B) is less significant in terms of absolute safety than the difference in potential earnings.  Considering the need for both security and capital appreciation for a 'Ransom Fund', SUSDS strikes the best balance, delivering the highest yield within a very high and acceptable safety threshold."
2026-02-27 16:53:30,SUSDS,"CHOICE: SUSDS The 'Ransom Fund' prioritizes both safety and yield, with a strict rule against incurring transaction fees unless there's a significant improvement. Our current holding is SUSDS, yielding 4% APY with a TVL of $5,173,984,031.  Upon analyzing the available pools: *   **lido (STETH):** Offers 2.326% APY. While it boasts a very high TVL, its APY is significantly lower than our current SUSDS holding. *   **binance-staked-eth (WBETH):** Provides 2.61778% APY. Its yield is below our current position. *   **ether.fi-stake (WEETH):** Yields 3.05217% APY. This is also less than our current yield. *   **aave-v3 (WEETH):** Offers an extremely low 0.00009% APY, making it unsuitable.  None of the alternative pools present an APY at least 0.5% higher than the 4% we are currently earning with SUSDS. Therefore, to adhere to the critical rule of avoiding transaction fees without a substantial yield increase, the optimal decision is to maintain our position in SUSDS."
2026-02-27 20:22:09,SUSDS,"CHOICE: SUSDS The current holdings are in SUSDS, which offers an APY of 4%. To justify switching assets and incurring transaction fees, the 'CRITICAL RULE' requires a new pool to offer an APY at least 0.5% higher (i.e., greater than 4.5%) while maintaining an acceptable safety threshold (TVL).  Upon reviewing the available data: *   lido (STETH) offers 2.326% APY. *   binance-staked-eth (WBETH) offers 2.61778% APY. *   ether.fi-stake (WEETH) offers 3.04509% APY. *   aave-v3 (WEETH) offers a negligible 0.00009% APY.  None of these alternative options meet the minimum APY requirement of 4.5%. Therefore, based on the established logic directive, there is no compelling reason to switch from the currently held SUSDS. We will continue to hold SUSDS to avoid unnecessary transaction fees and maintain the existing yield."
2026-02-27 20:50:12,SKEIN,"CHOICE: SUSDS The 'Ransom Fund' will remain in SUSDS. My current holding, SUSDS, offers an APY of 4%. According to the critical rule, I am not to switch from the currently held asset UNLESS a new pool offers an APY at least 0.5% higher.  Analyzing the available options: *   STETH: 2.326% APY *   WBETH: 2.61778% APY *   WEETH (ether.fi): 3.04432% APY *   SUSDS (current): 4% APY *   WEETH (aave-v3): 0.00009% APY  None of the alternative pools offer an APY of 4.5% or higher (4% + 0.5%). In fact, all alternative pools offer a *lower* APY than the current SUSDS position. Therefore, switching would violate the directive to prevent capital loss due to transaction fees when a superior yield isn't present. The current SUSDS position continues to offer the best balance of yield among the highly liquid assets presented."

2026-02-27 20:53:35,SUSDS,"CHOICE: SUSDS The 'Ransom Fund' demands a vigilant approach, balancing capital protection with prudent growth. Currently holding SKEIN, we must assess if any of the available pools offer a significantly better yield while maintaining an acceptable safety profile. Given that SKEIN's specific APY is not provided in the current market data, and assuming it represents the underlying capital awaiting deployment (thus, an effective APY of 0% for comparative purposes within these options), we apply our critical rule: a new pool must offer at least 0.5% higher APY and acceptable safety.  Analyzing the data: *   **aave-v3 (WEETH)**: With an APY of 0.00009%, this option fails the 0.5% minimum threshold and is immediately disqualified.  The remaining viable options are: 1.  **lido (STETH)**: APY: 2.326%, TVL: $18,105,614,216 2.  **binance-staked-eth (WBETH)**: APY: 2.61778%, TVL: $6,657,397,961 3.  **ether.fi-stake (WEETH)**: APY: 3.04432%, TVL: $5,817,576,150 4.  **sky-lending (SUSDS)**: APY: 4%, TVL: $5,162,616,060  All these options comfortably exceed the 0.5% APY threshold. Now, we evaluate the ""best balance of safety (High TVL) and yield (APY).""  *   **STETH** offers the highest TVL by a significant margin ($18.1B), representing the pinnacle of safety and liquidity. However, its APY (2.326%) is the lowest among the strong contenders. *   **WBETH** provides a robust TVL of $6.65B and a competitive APY of 2.617%. *   **ether.fi-stake (WEETH)** has a solid TVL of $5.81B and a higher APY of 3.044%. *   **SUSDS** boasts the highest APY at 4%, while maintaining a substantial TVL of $5.16B.  For a 'Ransom Fund', safety (High TVL) is paramount, but neglecting yield entirely would be imprudent. While STETH offers unparalleled TVL, the other options still maintain multi-billion dollar TVLs, which are exceptionally high and signify strong market confidence and liquidity.  The critical assessment comes down to the trade-off. Moving from ether.fi's WEETH (3.044% APY, $5.81B TVL) to SUSDS (4% APY, $5.16B TVL) provides an additional 0.956% in APY for a relatively small decrease in TVL of approximately $0.65B. This incremental gain in yield is substantial, especially when considering that SUSDS's TVL of over $5 billion remains firmly within the ""high TVL"" and ""acceptable safety threshold"" for a fund of this nature. The 4% APY is a significant advantage, ensuring the fund's growth potential without compromising on a fundamental level of safety.  Therefore, SUSDS offers the most compelling balance, providing the highest available yield while retaining a very strong and secure multi-billion dollar TVL."
2026-02-27 21:05:48,SUSDS,"CHOICE: SUSDS The 'Ransom Fund' will remain invested in SUSDS. Our current holding offers an APY of 4% with a robust TVL of $5,162,616,060. Per our critical directive, no other available pool offers an APY at least 0.5% higher than our current position, which is a prerequisite for initiating a switch to prevent capital loss from transaction fees. Therefore, maintaining our position in SUSDS provides the best balance of safety and yield under current market conditions."
2026-02-27 21:21:44,CASH_RESERVE,"CHOICE: SUSDS The 'Ransom Fund' will continue to hold SUSDS. My current holding offers an APY of 4%. To justify a switch and incur transaction fees, a new pool would need to provide an APY of at least 4.5% (4% + 0.5%). Upon reviewing the available options:  *   **STETH (lido):** APY 2.326% (Too low) *   **WBETH (binance-staked-eth):** APY 2.61778% (Too low) *   **WEETH (ether.fi-stake):** APY 3.04432% (Too low) *   **WEETH (aave-v3):** APY 0.00009% (Significantly too low)  None of the alternative pools meet the minimum APY increase threshold. Therefore, remaining in SUSDS is the most capital-efficient and strategically sound decision for today."

2026-02-27 21:41:21,SUSDS,"CHOICE: SUSDS The Sovereign Skein observes that the current holding, CASH_RESERVE, provides no yield. To justify a switch, a new pool must offer an APY at least 0.5% higher and maintain an acceptable safety threshold (TVL).  1.  **aave-v3 (WEETH)** is immediately disqualified due to its negligible APY (0.00009%), which does not meet the 0.5% increase requirement. 2.  All other pools (lido STETH, binance-staked-eth WBETH, ether.fi-stake WEETH, sky-lending SUSDS) offer an APY significantly greater than 0.5% above the CASH_RESERVE's implicit 0% yield. 3.  Each of these remaining pools boasts a Total Value Locked (TVL) in the billions, ranging from $5.1B to $18.1B, which represents an acceptable and robust safety threshold for the Ransom Fund.  Among the qualified options, **sky-lending (SUSDS)** offers the highest APY at 4%. While lido (STETH) has a higher TVL, SUSDS's TVL of $5.1B is still substantial and secure, and its significantly higher yield provides a superior balance of safety and return for the Ransom Fund today."
2026-02-27 22:10:03,SUSDS,"CHOICE: SUSDS The 'Ransom Fund' is currently positioned in SUSDS, yielding an APY of 4%. To justify a switch and incur transaction fees, the critical rule mandates that a new pool must offer an APY at least 0.5% higher than our current holding, meaning a minimum of 4.5% APY.  Upon reviewing the available data: *   STETH offers 2.326% APY. *   WBETH offers 2.61778% APY. *   WEETH (ether.fi-stake) offers 3.0442% APY. *   WEETH (aave-v3) offers a negligible 0.00009% APY.  None of these alternative pools meet the minimum APY threshold of 4.5% required for a justified switch. While some pools like lido (STETH) boast higher TVL, their significantly lower APYs make them unsuitable for a proactive switch given our directive. Therefore, based on the established safety and yield balance criteria, and crucially, the transaction cost avoidance rule, maintaining our position in SUSDS is the optimal decision at this time."
2026-02-27 22:22:57,SUSDS,"CHOICE: SUSDS Maintaining our current position in SUSDS (sky-lending) is the most prudent decision for the 'Ransom Fund' today. The current APY for SUSDS is 4%. According to our critical rule, a switch to a new pool is only warranted if its APY is at least 0.5% higher than our current holding AND it maintains an acceptable safety threshold (TVL).  Upon reviewing the available options: *   lido (STETH) offers 2.326% APY, which is 1.674% lower than SUSDS. *   binance-staked-eth (WBETH) offers 2.61778% APY, which is 1.38222% lower than SUSDS. *   ether.fi-stake (WEETH) offers 3.0442% APY, which is 0.9558% lower than SUSDS. *   aave-v3 (WEETH) offers a negligible 0.00009% APY, significantly lower than SUSDS.  None of the alternative pools provide an APY that is at least 0.5% higher than our current SUSDS holding. Therefore, to prevent incurring unnecessary transaction fees and to adhere to our capital preservation directive, we will continue to hold SUSDS, which currently offers the highest yield among the acceptable options given our strict switching criteria."
2026-02-27 22:30:57,SUSDS,"CHOICE: SUSDS The 'Sovereign Skein' has analyzed the current DeFi yield landscape. Our 'Ransom Fund' is currently held in SUSDS, yielding 4% APY with a TVL of $5,159,777,390.  Upon reviewing the presented options: *   STETH offers 2.326% APY, significantly lower than our current holding. *   WBETH offers 2.61778% APY, also considerably lower. *   WEETH (ether.fi-stake) offers 2.54951% APY, not meeting our criteria. *   WEETH (aave-v3) offers a negligible 0.00009% APY.  According to our critical rule, we are only to recommend switching from our currently held asset if a new pool offers an APY at least 0.5% higher AND maintains an acceptable safety threshold (TVL). This means a new pool would need to offer at least 4.5% APY to warrant a switch from SUSDS.  None of the alternative pools meet this threshold. Therefore, to prevent incurring unnecessary transaction fees and to maintain optimal yield, the directive is to continue holding SUSDS."
